District,D Lite %,D Deluxe %,D Classic %,R Lite %,R Reluxe %,R Classic %
AK-1,0.24742,0.16567999999999997,0.26482,0.7525800000000001,0.8343199999999998,0.7351800000000001
AL-7,1.0,1.0,1.0,0,0,0
AL-6,0.00024,8.0e-05,0.00012,0.99976,0.99992,0.99988
AL-5,0.00676,0.00164,0.00184,0.99324,0.99836,0.99816
AL-4,0.0001,0.0,0.0,0.9998999999999999,1.0,1.0
AL-3,0.0032,0.00112,0.00126,0.9968,0.9988800000000001,0.99874
AL-2,0.00634,0.01432,0.02154,0.99366,0.98568,0.97846
AL-1,0.00666,0.00048,0.00058,0.99334,0.99952,0.99942
AR-4,0.00998,0.00096,0.00102,0.99,0.99902,0.99896
AR-3,0.00812,0.00052,0.00052,0.99188,0.99948,0.99948
AR-2,0.2443,0.19476,0.21465999999999996,0.75568,0.80522,0.78532
AR-1,0.011240000000000002,0.00126,0.00132,0.98874,0.99872,0.99866
AZ-9,0.9043399999999999,0.9941,0.99236,0.09566,0.0059,0.00764
AZ-8,0.08604,0.0741,0.1598,0.91396,0.9259,0.8402
AZ-7,0.9998999999999999,0.9998999999999999,0.9998999999999999,0,0,0
AZ-6,0.08096,0.04228,0.04184,0.91904,0.95772,0.95816
AZ-5,0.01694,0.00198,0.0021,0.9830600000000002,0.99802,0.9979
AZ-4,0.00222,0.00064,0.0007599999999999999,0.9977800000000001,0.99936,0.99924
AZ-3,0.9978200000000002,0.99996,0.99992,0.00218,4.0e-05,8.0e-05
AZ-2,0.71032,0.90634,0.92234,0.28968,0.09366,0.07766
AZ-1,0.8913,0.96166,0.96894,0.10868,0.03832,0.03104
CA-9,0.99496,0.99908,0.99878,0.00504,0.00092,0.00122
CA-8,0,0,0,0.00798,0.00798,0.00798
CA-7,0.9255200000000001,0.98936,0.98554,0.07448,0.01064,0.014460000000000002
CA-6,0.0,0.0,0.0,0,0,0
CA-53,0.99952,0.9999800000000001,0.99996,0.00048,2.0e-05,4.0e-05
CA-52,0.99518,0.99938,0.99902,0.00482,0.00062,0.00098
CA-51,0.99984,1.0,0.9999800000000001,0.00016,0.0,2.0e-05
CA-50,0.06702,0.11894,0.10624,0.93298,0.88106,0.89376
CA-5,0.99966,0.99966,0.99966,0,0,0
CA-49,0.57836,0.84538,0.82318,0.42164,0.15462,0.17682000000000003
CA-48,0.4543,0.6630800000000001,0.6848399999999999,0.5457,0.33692,0.31516
CA-47,0.99908,0.9998999999999999,0.99988,0.00092,0.0001,0.00012
CA-46,0.99972,1.0,1.0,0.00028,0.0,0.0
CA-45,0.407,0.56774,0.60502,0.593,0.43226,0.39498
CA-44,0.0,0.0,0.0,0,0,0
CA-43,0.9999800000000001,1.0,1.0,2.0e-05,0.0,0.0
CA-42,0.05218,0.01806,0.027160000000000004,0.94782,0.98194,0.97284
CA-41,0.99874,0.99994,0.99992,0.00126,6.0e-05,8.0e-05
CA-40,0.99932,0.99932,0.99932,0,0,0
CA-4,0.07092,0.13542,0.15606,0.92908,0.86458,0.84394
CA-39,0.62744,0.52984,0.48712000000000005,0.37256,0.4701600000000001,0.51286
CA-38,0.99988,1.0,1.0,0.00012,0.0,0.0
CA-37,1.0,1.0,1.0,0.0,0.0,0.0
CA-36,0.95978,0.99708,0.99564,0.040220000000000006,0.00292,0.00436
CA-35,0.9998599999999999,1.0,1.0,0.00014,0.0,0.0
CA-34,0.9997399999999999,0.9997399999999999,0.9997399999999999,0,0,0
CA-33,0.9997799999999999,1.0,1.0,0.00022000000000000003,0.0,0.0
CA-32,0.99982,1.0,1.0,0.00018,0.0,0.0
CA-31,0.99536,0.9985599999999999,0.99748,0.00464,0.00144,0.00252
CA-30,0.99994,1.0,1.0,6.0e-05,0.0,0.0
CA-3,0.98556,0.99928,0.99896,0.01444,0.00072,0.00104
CA-29,0.9999800000000001,1.0,1.0,2.0e-05,0.0,0.0
CA-28,1.0,1.0,1.0,0.0,0.0,0.0
CA-27,0.0,0.0,0.0,0,0,0
CA-26,0.9904,0.99956,0.99938,0.0096,0.00044000000000000007,0.00062
CA-25,0.43006,0.68692,0.74964,0.56994,0.31308,0.25036
CA-24,0.89052,0.98578,0.9749,0.10947999999999998,0.01422,0.0251
CA-23,0.01152,0.00106,0.00118,0.98848,0.99894,0.99882
CA-22,0.138,0.02758,0.04852,0.862,0.97242,0.95148
CA-21,0.67506,0.2548,0.35568,0.32494,0.7452,0.64432
CA-20,0.99914,0.99914,0.99914,0,0,0
CA-2,1.0,1.0,1.0,0.0,0.0,0.0
CA-19,0.99996,1.0,1.0,4.0e-05,0.0,0.0
CA-18,1.0,1.0,1.0,0.0,0.0,0.0
CA-17,0.9999800000000001,1.0,1.0,2.0e-05,0.0,0.0
CA-16,0.99512,0.99674,0.9950199999999999,0.00488,0.0032600000000000003,0.00498
CA-15,0.99992,1.0,1.0,8.0e-05,0.0,0.0
CA-14,1.0,1.0,1.0,0.0,0.0,0.0
CA-13,0.99988,0.99988,0.99988,0,0,0
CA-12,1.0,1.0,1.0,0.0,0.0,0.0
CA-11,0.99984,1.0,1.0,0.00016,0.0,0.0
CA-10,0.46526,0.67742,0.7376599999999999,0.53474,0.32258,0.26234
CA-1,0.04684,0.07398,0.17748,0.95316,0.9260199999999998,0.8225200000000001
CO-7,0.9874199999999999,0.99854,0.99796,0.012580000000000001,0.00146,0.00204
CO-6,0.55192,0.6420600000000001,0.65022,0.44808,0.35794,0.3497799999999999
CO-5,0.021099999999999997,0.0171,0.02408,0.9789,0.9829000000000001,0.97592
CO-4,0.02284,0.0213,0.0327,0.97716,0.9787,0.9673
CO-3,0.14102,0.2498,0.4086199999999999,0.85898,0.7502,0.59138
CO-2,0.97878,0.9987999999999999,0.99826,0.02122,0.0012,0.0017399999999999998
CO-1,0.99994,0.9999800000000001,0.99996,6.0e-05,2.0e-05,4.0e-05
CT-5,0.8369199999999999,0.98336,0.9724,0.16304,0.0166,0.02756
CT-4,0.9967,0.99932,0.99898,0.0033,0.00068,0.00102
CT-3,0.9974599999999999,0.99992,0.99988,0.00254,8.0e-05,0.00012
CT-2,0.98402,0.99972,0.9996,0.01598,0.00028,0.0004
CT-1,0.99882,0.99996,0.99988,0.00118,4.0e-05,0.00012
DE-1,0.91314,0.9942800000000002,0.98886,0.08685999999999999,0.00572,0.01114
FL-9,0.97892,0.99922,0.9987600000000001,0.02108,0.00078,0.00124
FL-8,0.0314,0.01412,0.01922,0.9686,0.98588,0.98078
FL-7,0.7192000000000001,0.9304400000000002,0.9159,0.2808,0.06956,0.08410000000000001
FL-6,0.20119999999999996,0.16269999999999998,0.26822,0.7988,0.8373,0.73178
FL-5,0.9987600000000001,0.99992,0.99992,0.00124,8.0e-05,8.0e-05
FL-4,0.00488,6.0e-05,0.0001,0.99512,0.99994,0.9998999999999999
FL-3,0.03952,0.0109,0.014040000000000002,0.96048,0.9891,0.98596
FL-27,0.8934000000000001,0.95792,0.97986,0.10658,0.04208,0.02014
FL-26,0.38214,0.41294,0.41194,0.61786,0.58706,0.58806
FL-25,0.22522000000000003,0.16856,0.2757,0.7747800000000001,0.83144,0.7243
FL-24,1.0,1.0,1.0,0,0,0
FL-23,0.9974599999999999,0.99972,0.99954,0.00254,0.00028,0.00046
FL-22,0.98966,0.99914,0.9989,0.01034,0.00086,0.0011
FL-21,1.0,1.0,1.0,0,0,0
FL-20,1.0,1.0,1.0,0,0,0
FL-2,0.00242,0.00028,0.0003,0.9975799999999999,0.99972,0.9997
FL-19,0.0132,0.00602,0.0074399999999999996,0.9868000000000001,0.99398,0.99256
FL-18,0.11342,0.09368,0.07924,0.88658,0.90632,0.92076
FL-17,0.06264,0.00308,0.00342,0.9373599999999999,0.99692,0.99658
FL-16,0.16228,0.14952,0.14362,0.83772,0.85048,0.85638
FL-15,0.25862,0.1845,0.281,0.74138,0.8155,0.7189999999999999
FL-14,1.0,1.0,1.0,0,0,0
FL-13,0.96346,0.9977800000000001,0.9969,0.03654,0.00222,0.0031
FL-12,0.05034000000000001,0.01054,0.0138,0.94966,0.98946,0.9861999999999999
FL-11,0.006540000000000001,0.00052,0.00054,0.99346,0.99948,0.99946
FL-10,1.0,1.0,1.0,0,0,0
FL-1,0.00062,6.0e-05,6.0e-05,0.99938,0.99994,0.99994
GA-9,4.0e-05,0.0,0.0,0.99996,1.0,1.0
GA-8,0,0,0,1.0,1.0,1.0
GA-7,0.2112,0.20078,0.312,0.7888,0.7992199999999999,0.688
GA-6,0.09678,0.06818,0.04417999999999999,0.90322,0.93182,0.9558199999999999
GA-5,1.0,1.0,1.0,0,0,0
GA-4,1.0,1.0,1.0,0.0,0.0,0.0
GA-3,0.0015199999999999999,0.0001,0.0001,0.99848,0.9998999999999999,0.9998999999999999
GA-2,0.98626,0.9996199999999998,0.99926,0.01374,0.00037999999999999997,0.00074
GA-14,0.0002,0.0,0.0,0.9998,1.0,1.0
GA-13,0.9999800000000001,1.0,1.0,2.0e-05,0.0,0.0
GA-12,0.0323,0.01196,0.01618,0.9677,0.98804,0.98382
GA-11,0.00418,0.00048,0.00048,0.99582,0.99952,0.99952
GA-10,0.00354,6.0e-05,0.0001,0.99646,0.99994,0.9998999999999999
GA-1,0.02314,0.00166,0.00202,0.97686,0.99834,0.99798
HI-2,0.99966,1.0,1.0,0.00034,0.0,0.0
HI-1,0.99736,1.0,1.0,0.00264,0.0,0.0
IA-4,0.04176,0.14222,0.16869999999999996,0.95824,0.8577799999999999,0.8313000000000001
IA-3,0.47734000000000004,0.6317,0.67302,0.52266,0.36829999999999996,0.32698
IA-2,0.96006,0.9867,0.97682,0.03994,0.0133,0.02318
IA-1,0.50638,0.70552,0.74198,0.4935,0.29436,0.2579
ID-2,0.01462,0.0025800000000000003,0.00286,0.9853799999999999,0.9974199999999999,0.99714
ID-1,0.01566,0.00042,0.00042,0.98434,0.99958,0.99958
IL-9,0.9998,1.0,1.0,0.0002,0.0,0.0
IL-8,0.9935199999999998,0.99966,0.99942,0.006479999999999999,0.00034,0.00058
IL-7,1.0,1.0,1.0,0.0,0.0,0.0
IL-6,0.41448,0.3724,0.26804,0.58552,0.6276,0.7319600000000002
IL-5,0.9998599999999999,0.9999800000000001,0.99996,0.00014,2.0e-05,4.0e-05
IL-4,0.99994,1.0,1.0,6.0e-05,0.0,0.0
IL-3,0.99154,0.9999800000000001,0.99994,0.00846,2.0e-05,6.0e-05
IL-2,1.0,1.0,1.0,0.0,0.0,0.0
IL-18,0.01148,6.0e-05,0.0001,0.9885199999999998,0.99994,0.9998999999999999
IL-17,0.97418,0.99946,0.9992,0.02582,0.00054,0.0008
IL-16,0.08373999999999998,0.01654,0.02276,0.9162599999999999,0.98346,0.97724
IL-15,0.0018,0.00016,0.00016,0.9982,0.99984,0.99984
IL-14,0.2842,0.2372,0.3506,0.7158,0.7628,0.6494
IL-13,0.31716,0.28576,0.31022,0.6828400000000001,0.7142399999999999,0.68978
IL-12,0.24696,0.42674,0.3845,0.75298,0.57318,0.61542
IL-11,0.99592,0.9997799999999999,0.9996,0.00408,0.00022000000000000003,0.0004
IL-10,0.99814,0.99954,0.99934,0.0018599999999999999,0.00046,0.00066
IL-1,1.0,1.0,1.0,0.0,0.0,0.0
IN-9,0.0197,0.10466000000000002,0.22274000000000002,0.9803000000000001,0.89534,0.77726
IN-8,0.01084,0.00612,0.00758,0.9891599999999999,0.9938800000000001,0.9924199999999999
IN-7,0.9988800000000001,0.99992,0.9998999999999999,0.00112,8.0e-05,0.0001
IN-6,0.02304,0.00082,0.00094,0.9769200000000001,0.9991600000000002,0.9990400000000002
IN-5,0.09066,0.00586,0.0084,0.9093399999999999,0.99414,0.9915999999999999
IN-4,0.03244,0.0057,0.00706,0.96756,0.9943,0.9929400000000002
IN-3,0.0404,0.00164,0.00236,0.9596000000000001,0.99836,0.99764
IN-2,0.04382,0.07882,0.07046,0.9561800000000001,0.92118,0.92954
IN-1,0.9952,0.99996,0.99988,0.0048,4.0e-05,0.00012
KS-4,0.13896,0.05144,0.13456,0.86104,0.94856,0.86544
KS-3,0.45763999999999994,0.35912,0.28494,0.54236,0.6408799999999999,0.71506
KS-2,0.20392,0.45172000000000007,0.41754,0.79604,0.54822,0.5824
KS-1,0.00048,2.0e-05,4.0e-05,0.99952,0.9999800000000001,0.99996
KY-6,0.5003,0.5331,0.49213999999999997,0.4997,0.4669,0.50786
KY-5,0.00032,0.0,0.0,0.99968,1.0,1.0
KY-4,0.0092,0.00048,0.00054,0.9908,0.99952,0.99946
KY-3,0.99874,0.99776,0.9959,0.00124,0.00222,0.00408
KY-2,0.00634,0.00094,0.00102,0.99362,0.99902,0.99894
KY-1,0.00222,4.0e-05,6.0e-05,0.9977800000000001,0.99996,0.99994
LA-6,0.0,0.0,0.0,0.9998,0.99996,0.99996
LA-5,0.00756,0.00026,0.00034,0.99244,0.9997399999999999,0.99966
LA-4,0.0203,0.00112,0.0012,0.97968,0.99886,0.9987600000000001
LA-3,0.0001,0.00012,0.00012,0.12796,0.1378,0.1368
LA-2,1.0,1.0,1.0,0,0,0
LA-1,0.0,0.0,0.0,1.0,1.0,1.0
MA-9,0.9953400000000001,0.99468,0.99164,0.00466,0.00532,0.00836
MA-8,1.0,1.0,1.0,0,0,0
MA-7,1.0,1.0,1.0,0,0,0
MA-6,0.99704,0.99976,0.99972,0.00296,0.00024,0.00028
MA-5,1.0,1.0,1.0,0.0,0.0,0.0
MA-4,1.0,1.0,1.0,0,0,0
MA-3,0.99024,0.99958,0.99936,0.00968,0.00036,0.00058
MA-2,0.9985199999999999,0.9998999999999999,0.9998,0.00148,0.0001,0.0002
MA-1,1.0,1.0,1.0,0,0,0
MD-8,0.9997,0.99996,0.99992,0.0003,4.0e-05,8.0e-05
MD-7,0.9999800000000001,1.0,1.0,2.0e-05,0.0,0.0
MD-6,0.9393,0.99458,0.9914000000000001,0.0607,0.00542,0.0086
MD-5,0.99968,0.9999800000000001,0.9999800000000001,0.00032,2.0e-05,2.0e-05
MD-4,0.9999800000000001,0.9999800000000001,0.9999800000000001,0.0,0.0,0.0
MD-3,0.99912,0.99994,0.99988,0.0008800000000000001,6.0e-05,0.00012
MD-2,0.99858,0.99992,0.9998999999999999,0.0014200000000000003,8.0e-05,0.0001
MD-1,0.0151,0.00794,0.00964,0.98488,0.99204,0.9903400000000001
ME-2,0.39864,0.44526,0.42712000000000006,0.60136,0.55474,0.57288
ME-1,0.99576,0.99724,0.99594,0.00424,0.00276,0.00406
MI-9,0.9297999999999998,0.99558,0.9929000000000001,0.0702,0.00442,0.0071
MI-8,0.29886,0.45732,0.42480000000000007,0.7011400000000001,0.54268,0.5752
MI-7,0.26288,0.27856,0.39546,0.73712,0.7214399999999999,0.60454
MI-6,0.29352,0.1042,0.12894,0.70648,0.8957999999999999,0.87106
MI-5,0.98438,0.99896,0.9987,0.01558,0.00104,0.00128
MI-4,0.05702,0.003,0.0033,0.94298,0.997,0.9967
MI-3,0.18895999999999996,0.01348,0.01884,0.81104,0.9865200000000001,0.98116
MI-2,0.0735,0.030059999999999996,0.057679999999999995,0.9264199999999999,0.96986,0.9422399999999999
MI-14,1.0,1.0,1.0,0.0,0.0,0.0
MI-13,1.0,1.0,1.0,0,0,0
MI-12,0.99952,0.9999800000000001,0.99994,0.00048,2.0e-05,6.0e-05
MI-11,0.64202,0.70428,0.69478,0.35798,0.29572,0.30522
MI-10,0.0249,0.00202,0.00234,0.9750999999999999,0.99798,0.9976600000000001
MI-1,0.08041999999999999,0.12481999999999999,0.18616,0.91958,0.87518,0.81384
MN-8,0.50852,0.45942,0.39244,0.49146,0.54056,0.60754
MN-7,0.44604,0.90326,0.87334,0.55396,0.09674,0.12666
MN-6,0.02774,0.00112,0.00128,0.97226,0.9988800000000001,0.99872
MN-5,0.99994,1.0,1.0,6.0e-05,0.0,0.0
MN-4,0.99958,0.99988,0.99982,0.00042,0.00012,0.00018
MN-3,0.5701,0.6077,0.64098,0.4299,0.3923,0.35902
MN-2,0.42798,0.71934,0.7680399999999998,0.57202,0.28066,0.23196000000000003
MN-1,0.4636199999999999,0.52634,0.48878,0.53638,0.47365999999999997,0.51122
MO-8,0.00044000000000000007,6.0e-05,6.0e-05,0.99954,0.99992,0.99992
MO-7,0.00052,2.0e-05,2.0e-05,0.99944,0.99992,0.99994
MO-6,0.0085,0.0005,0.00058,0.9915,0.9995,0.99942
MO-5,0.99212,0.99922,0.9987999999999999,0.00788,0.00078,0.0012
MO-4,0.00224,0.00066,0.0006999999999999999,0.99776,0.99934,0.9993
MO-3,0.0027999999999999995,8.0e-05,0.0001,0.99714,0.99988,0.9998599999999999
MO-2,0.17206,0.04834000000000001,0.07484,0.82794,0.95166,0.9251599999999999
MO-1,0.9999800000000001,1.0,1.0,2.0e-05,0.0,0.0
MS-4,0.02728,0.00292,0.00388,0.9727,0.9970599999999998,0.9961
MS-3,0.03966,0.00182,0.00274,0.96032,0.99818,0.99726
MS-2,0.99568,0.99996,0.99992,0,0,0
MS-1,0.01746,0.00072,0.0007599999999999999,0.9825399999999999,0.99928,0.99924
MT-1,0.43334000000000006,0.18602,0.18469999999999998,0.56664,0.81396,0.81528
NC-9,0.50792,0.57824,0.53096,0.49201999999999996,0.4217,0.46898
NC-8,0.0671,0.08988,0.13728,0.9329,0.91012,0.86272
NC-7,0.28334,0.05296,0.15868,0.71666,0.94702,0.8413
NC-6,0.08568000000000002,0.08642,0.21186,0.91432,0.91358,0.78814
NC-5,0.06554,0.028920000000000005,0.05050000000000001,0.93446,0.97108,0.9495
NC-4,0.99984,0.9999800000000001,0.9999800000000001,0.00016,2.0e-05,2.0e-05
NC-3,0,0,0,1.0,1.0,1.0
NC-2,0.11522,0.11026,0.10339999999999999,0.8847799999999999,0.88972,0.89658
NC-13,0.20624000000000003,0.3163,0.35516,0.79376,0.6837000000000001,0.64484
NC-12,0.99994,0.9999800000000001,0.9999800000000001,6.0e-05,2.0e-05,2.0e-05
NC-11,0.01518,0.00272,0.003,0.98478,0.99724,0.99696
NC-10,0.02048,0.0025,0.00288,0.97952,0.9975,0.99712
NC-1,0.99984,0.9999800000000001,0.9999800000000001,0.00016,2.0e-05,2.0e-05
ND-1,0.08992000000000001,0.00986,0.01448,0.91008,0.9901399999999999,0.98552
NE-3,0.00036,2.0e-05,2.0e-05,0.99964,0.9999800000000001,0.9999800000000001
NE-2,0.39696,0.48469999999999996,0.60092,0.60304,0.5153,0.39908
NE-1,0.05348,0.0012,0.0014200000000000003,0.94652,0.9987999999999999,0.99858
NH-2,0.97386,0.99076,0.9879400000000002,0.02614,0.00924,0.01206
NH-1,0.71124,0.80462,0.78644,0.28876,0.19538,0.21356000000000003
NJ-9,0.99954,0.9999800000000001,0.9999800000000001,0.00046,2.0e-05,2.0e-05
NJ-8,0.9999800000000001,1.0,1.0,2.0e-05,0.0,0.0
NJ-7,0.49528,0.60908,0.6430799999999999,0.50472,0.39092,0.35692
NJ-6,0.99748,0.99994,0.99984,0.00252,6.0e-05,0.00016
NJ-5,0.74062,0.9628999999999999,0.9500800000000001,0.25938,0.0371,0.04992
NJ-4,0.1309,0.03316,0.06556,0.8691,0.9668399999999999,0.93444
NJ-3,0.4408000000000001,0.46348,0.4334200000000001,0.55918,0.5365,0.56656
NJ-2,0.7288799999999999,0.92354,0.8958400000000001,0.27112,0.07646,0.10416
NJ-12,0.99976,1.0,0.9999800000000001,0.00024,0.0,2.0e-05
NJ-11,0.64652,0.79378,0.75594,0.35348,0.20622,0.24406
NJ-10,1.0,1.0,1.0,0.0,0.0,0.0
NJ-1,0.99928,0.99996,0.99988,0.00072,4.0e-05,0.00012
NM-3,0.98384,0.99992,0.9998999999999999,0.01612,6.0e-05,8.0e-05
NM-2,0.30364,0.26528,0.27106,0.69636,0.73472,0.72894
NM-1,0.83048,0.99154,0.9839199999999999,0.16952,0.00846,0.01608
NV-4,0.69678,0.88494,0.84392,0.30322,0.11506,0.15608
NV-3,0.56478,0.7627000000000002,0.70762,0.43522,0.2373,0.29238
NV-2,0.07334,0.00834,0.0114,0.9266599999999999,0.99166,0.9886
NV-1,0.99846,0.99994,0.99988,0.00154,6.0e-05,0.00012
NY-9,1.0,1.0,1.0,0.0,0.0,0.0
NY-8,1.0,1.0,1.0,0,0,0
NY-7,1.0,1.0,1.0,0,0,0
NY-6,0.9998599999999999,0.9998599999999999,0.9998599999999999,0,0,0
NY-5,1.0,1.0,1.0,0,0,0
NY-4,0.9897399999999998,0.99946,0.99906,0.01026,0.00054,0.00094
NY-3,0.97984,0.9961,0.9941200000000001,0.02016,0.0038999999999999994,0.00588
NY-27,0.22054,0.15662,0.19582,0.77944,0.84334,0.80414
NY-26,0.99874,1.0,1.0,0.00126,0.0,0.0
NY-25,0.9794800000000001,0.99954,0.99932,0.02052,0.00046,0.00068
NY-24,0.26982,0.12736,0.1862,0.73018,0.87264,0.8138
NY-23,0.17028,0.03316,0.04388,0.8297200000000001,0.9668399999999999,0.95612
NY-22,0.57922,0.69186,0.72316,0.42077999999999993,0.30814,0.27684
NY-21,0.2471,0.042039999999999994,0.07256,0.7529,0.95796,0.92744
NY-20,0.99618,0.9998999999999999,0.99988,0.00382,0.0001,0.00012
NY-2,0.2674,0.07292,0.18506,0.73258,0.92706,0.8149200000000001
NY-19,0.44464,0.54654,0.51208,0.55536,0.45346,0.48792
NY-18,0.9536,0.98922,0.98568,0.0464,0.010780000000000001,0.01432
NY-17,0.99948,0.99948,0.99948,0,0,0
NY-16,0.9998,0.9998,0.9998,0,0,0
NY-15,1.0,1.0,1.0,0.0,0.0,0.0
NY-14,1.0,1.0,1.0,0.0,0.0,0.0
NY-13,1.0,1.0,1.0,0.0,0.0,0.0
NY-12,1.0,1.0,1.0,0.0,0.0,0.0
NY-11,0.27074,0.21481999999999998,0.2534,0.72926,0.78518,0.7466000000000002
NY-10,0.9999800000000001,1.0,1.0,2.0e-05,0.0,0.0
NY-1,0.2293,0.08835999999999998,0.11086,0.7707,0.91164,0.88914
OH-9,0.99918,0.99992,0.99988,0.00082,8.0e-05,0.00012
OH-8,0.00708,0.00046,0.00048,0.99292,0.99954,0.99952
OH-7,0.02624,0.06236,0.10891999999999999,0.97376,0.9376400000000001,0.8910800000000001
OH-6,0.00662,0.0002,0.00024,0.99338,0.9998,0.99976
OH-5,0.03604,0.0027999999999999995,0.0032399999999999994,0.96394,0.9971799999999998,0.99674
OH-4,0.01602,0.026459999999999997,0.04188,0.98398,0.97354,0.95812
OH-3,0.99996,1.0,1.0,4.0e-05,0.0,0.0
OH-2,0.08502000000000001,0.02854,0.05326,0.91498,0.97146,0.94674
OH-16,0.31698,0.03104,0.05648,0.68302,0.96896,0.94352
OH-15,0.10364,0.0209,0.02606,0.89636,0.9791,0.97394
OH-14,0.1721,0.16126,0.18234000000000003,0.8279,0.83874,0.81766
OH-13,0.99314,0.9998999999999999,0.9998599999999999,0.00686,0.0001,0.00014
OH-12,0.13036,0.42042,0.48408,0.86964,0.57958,0.51592
OH-11,1.0,1.0,1.0,0.0,0.0,0.0
OH-10,0.22118,0.048940000000000004,0.060739999999999995,0.77882,0.9510599999999999,0.93926
OH-1,0.32366,0.54828,0.57628,0.67634,0.45172000000000007,0.42372
OK-5,0.07184,0.1202,0.26362,0.92816,0.8798,0.73638
OK-4,0.0032,0.00014,0.0002,0.99678,0.99984,0.9997799999999999
OK-3,0.00054,0.0,2.0e-05,0.99946,1.0,0.9999800000000001
OK-2,0.00106,0.00016,0.00018,0.99894,0.99984,0.99982
OK-1,0.03984,0.00308,0.00368,0.96016,0.99692,0.9963200000000001
OR-5,0.97364,0.99812,0.997,0.02636,0.00188,0.003
OR-4,0.97404,0.9963200000000001,0.99402,0.025919999999999995,0.00366,0.00596
OR-3,1.0,1.0,1.0,0,0,0
OR-2,0.05764,0.00252,0.0027,0.9423600000000001,0.99748,0.9972999999999999
OR-1,0.99802,0.9998,0.9996,0.00196,0.0002,0.0004
PA-9,0.06312,0.0074,0.00876,0.93688,0.9926,0.9912399999999999
PA-8,0.93676,0.8917,0.85994,0.06324,0.10830000000000001,0.14006
PA-7,0.8087399999999999,0.9521999999999999,0.9727799999999999,0.19118,0.047720000000000005,0.02714
PA-6,0.88764,0.9775,0.9827400000000001,0.11236,0.0225,0.01726
PA-5,0.9942800000000002,0.99944,0.99988,0.00572,0.00056,0.00012
PA-4,0.97586,0.99822,0.99728,0.02414,0.00178,0.00272
PA-3,1.0,1.0,1.0,0.0,0.0,0.0
PA-2,1.0,1.0,1.0,0.0,0.0,0.0
PA-18,1.0,1.0,1.0,0,0,0
PA-17,0.80464,0.96154,0.97584,0.19536,0.03846,0.02416
PA-16,0.17442,0.0567,0.04056,0.82556,0.94328,0.95942
PA-15,0.00294,6.0e-05,6.0e-05,0.9970599999999998,0.99994,0.99994
PA-14,0.08764,0.021319999999999995,0.01398,0.91236,0.97868,0.98602
PA-13,0.0067,0.00012,0.00012,0.9933,0.99988,0.99988
PA-12,0.005680000000000001,0.00037999999999999997,0.00042,0.99432,0.9996199999999998,0.99958
PA-11,0.02004,0.03388,0.0702,0.97996,0.96612,0.9297999999999998
PA-10,0.27096,0.17704,0.21636,0.7290399999999999,0.82296,0.78364
PA-1,0.4461,0.28596,0.2415,0.5539,0.71404,0.7585
RI-2,0.9976,0.99994,0.99984,0.0024,6.0e-05,0.00016
RI-1,0.99972,0.99988,0.9998599999999999,0.00028,0.00012,0.00014
SC-7,0.03306,0.007020000000000001,0.0092,0.96694,0.99298,0.9908
SC-6,0.9997,1.0,1.0,0.0003,0.0,0.0
SC-5,0.02928,0.01294,0.0202,0.9707000000000001,0.98704,0.97978
SC-4,0.0399,0.00016,0.00028,0.96004,0.9998,0.99968
SC-3,0.0017399999999999998,0.00102,0.0011,0.99822,0.99894,0.99886
SC-2,0.02794,0.00626,0.00726,0.972,0.9936799999999999,0.99268
SC-1,0.1693,0.11754000000000002,0.16666,0.8306999999999999,0.8824600000000001,0.8333400000000001
SD-1,0.0774,0.0084,0.01274,0.9225999999999999,0.9915999999999999,0.98726
TN-9,0.9999800000000001,1.0,1.0,2.0e-05,0.0,0.0
TN-8,0.00216,0.0001,0.0001,0.99784,0.9998999999999999,0.9998999999999999
TN-7,0.00908,0.00037999999999999997,0.00037999999999999997,0.99092,0.9996199999999998,0.9996199999999998
TN-6,0.00264,4.0e-05,4.0e-05,0.99736,0.99996,0.99996
TN-5,0.99554,0.99996,0.99996,0.00446,4.0e-05,4.0e-05
TN-4,0.0016,0.00474,0.005620000000000001,0.9983999999999998,0.9952600000000001,0.99438
TN-3,0.00332,0.0006999999999999999,0.00078,0.99668,0.9993,0.99922
TN-2,0.00878,0.00012,0.00014,0.99122,0.99988,0.9998599999999999
TN-1,0.00018,2.0e-05,2.0e-05,0.9998,0.99996,0.99996
TX-9,1.0,1.0,1.0,0,0,0
TX-8,0.00012,0.0,0.0,0.99988,1.0,1.0
TX-7,0.26476,0.51976,0.51552,0.73524,0.48024,0.48448
TX-6,0.16298,0.02574,0.0711,0.83702,0.97426,0.9289000000000001
TX-5,0.01118,0.00046,0.00056,0.98882,0.99954,0.99944
TX-4,2.0e-05,0.0,0.0,0.99996,0.9999800000000001,0.9999800000000001
TX-36,0.00032,0.00012,0.00012,0.99968,0.99988,0.99988
TX-35,0.99814,0.99996,0.99988,0.0018599999999999999,4.0e-05,0.00012
TX-34,0.9902200000000001,0.9998599999999999,0.99966,0.00978,0.00014,0.00034
TX-33,0.9997799999999999,0.9999800000000001,0.99996,0.00022000000000000003,2.0e-05,4.0e-05
TX-32,0.27938,0.21411999999999998,0.12316,0.7205799999999999,0.78584,0.8768
TX-31,0.12312,0.1538,0.20119999999999996,0.87688,0.8462,0.7988
TX-30,0.9999800000000001,0.9999800000000001,0.9999800000000001,0,0,0
TX-3,0.07712,0.00746,0.00934,0.9228400000000001,0.9925,0.99062
TX-29,0.99496,1.0,0.9999800000000001,0.00504,0.0,2.0e-05
TX-28,0.99948,0.99948,0.99948,0,0,0
TX-27,0.00914,0.00374,0.00434,0.99086,0.99626,0.99566
TX-26,0.0032399999999999994,0.00066,0.00072,0.99676,0.99934,0.99928
TX-25,0.01858,0.02894,0.0654,0.98142,0.97106,0.9346
TX-24,0.0404,0.02096,0.04186,0.95954,0.97898,0.95808
TX-23,0.215,0.6419799999999999,0.7377400000000001,0.785,0.35802,0.26226
TX-22,0.03256,0.0667,0.13384,0.96744,0.9333,0.86616
TX-21,0.21407999999999996,0.1274,0.16254,0.78578,0.8724599999999999,0.83732
TX-20,0.99964,0.99964,0.99964,0,0,0
TX-2,0.1047,0.06518,0.08698,0.8953,0.93482,0.91302
TX-19,0.00018,0.0,0.0,0.99982,1.0,1.0
TX-18,0.99994,1.0,1.0,6.0e-05,0.0,0.0
TX-17,0.0126,0.00334,0.00412,0.9874,0.99666,0.99588
TX-16,0.99356,0.99996,0.99992,0.0064,0.0,4.0e-05
TX-15,0.98014,0.99964,0.99946,0.01986,0.00036,0.00054
TX-14,0.0137,0.01214,0.01608,0.9863,0.98786,0.9839199999999999
TX-13,0.0,0.0,0.0,0.9999800000000001,0.9999800000000001,0.9999800000000001
TX-12,0.00238,0.00018,0.0002,0.9976,0.9998,0.9997799999999999
TX-11,0.0,0.0,0.0,0.9999800000000001,0.9999800000000001,0.9999800000000001
TX-10,0.030380000000000004,0.01584,0.023319999999999997,0.9696000000000001,0.98414,0.97666
TX-1,0.0003,2.0e-05,2.0e-05,0.9997,0.9999800000000001,0.9999800000000001
UT-4,0.20686,0.20733999999999997,0.19748,0.79314,0.79266,0.8025199999999999
UT-3,0.00356,0.00012,0.00016,0.9964400000000001,0.99988,0.99984
UT-2,0.11574,0.01818,0.0254,0.884,0.98166,0.97444
UT-1,0.0023,0.00034,0.00036,0.9977000000000001,0.99966,0.99964
VA-9,0.00128,0.0009,0.00102,0.99872,0.9991,0.99898
VA-8,0.9999800000000001,1.0,1.0,2.0e-05,0.0,0.0
VA-7,0.1117,0.38106,0.31532,0.88824,0.61886,0.6846
VA-6,0.0633,0.0026,0.00308,0.9367,0.9974,0.99692
VA-5,0.31632,0.4045,0.52624,0.68368,0.5955,0.47376000000000007
VA-4,0.9962000000000001,0.99936,0.99906,0.00378,0.00062,0.00092
VA-3,1.0,1.0,1.0,0,0,0
VA-2,0.24732000000000004,0.12672,0.06406,0.75268,0.8732799999999998,0.93594
VA-11,0.99982,0.99996,0.99992,0.00018,2.0e-05,6.0e-05
VA-10,0.6465,0.804,0.76616,0.35350000000000004,0.196,0.23384
VA-1,0.0701,0.00948,0.01336,0.9299,0.99052,0.98664
VT-1,0.9991,0.9998999999999999,0.99984,0.0009,0.0001,0.00016
WA-9,0.01886,0.01886,0.01886,0,0,0
WA-8,0.51218,0.57664,0.50564,0.48782,0.42335999999999996,0.49436
WA-7,1.0,1.0,1.0,0.0,0.0,0.0
WA-6,0.9925,0.9997,0.99942,0.0075,0.0003,0.00058
WA-5,0.241,0.23914,0.23894,0.759,0.76086,0.76106
WA-4,0.01604,0.0043,0.0048,0.9839600000000001,0.9957,0.9952
WA-3,0.26476,0.16108,0.15842,0.73524,0.83892,0.84158
WA-2,0.99936,0.99936,0.99936,0,0,0
WA-10,0.99194,0.99954,0.9992,0.00806,0.00046,0.0008
WA-1,0.9948,0.9987600000000001,0.99824,0.0052,0.00124,0.0017600000000000003
WI-8,0.10408,0.00602,0.00746,0.8959199999999999,0.99398,0.9925399999999999
WI-7,0.0785,0.0072,0.00898,0.9214600000000001,0.99276,0.99098
WI-6,0.09532,0.1702,0.27796,0.90468,0.8298000000000001,0.7220400000000001
WI-5,0.03694,0.01328,0.0172,0.96306,0.9867199999999999,0.9828
WI-4,0.99994,1.0,1.0,6.0e-05,0.0,0.0
WI-3,0.94978,0.99622,0.99424,0.05022,0.00378,0.00576
WI-2,1.0,1.0,1.0,0,0,0
WI-1,0.47116,0.26506,0.27544,0.52876,0.7348599999999998,0.7244800000000001
WV-3,0.34514,0.12462,0.06526,0.65486,0.8753800000000002,0.93474
WV-2,0.1232,0.01886,0.03578,0.87678,0.98112,0.9641999999999998
WV-1,0.07004,0.00212,0.0026,0.9299599999999999,0.99788,0.9974
WY-1,0.0009,8.0e-05,0.00016,0.9991,0.99992,0.99984
